siRNA,eff
CTTGACTGGCGACGTAATCCA,0.96
TGCGTCGAGTTTTCCGGTAAG,0.959
TCTGATTTTTCTTGCGTCGAG,0.959
AACTCCTCCGCGCAACTTTTT,0.955
TCGTCCACAAACACAACTCCT,0.953
TCTCTCTGATTTTTCTTGCGT,0.951
TTTCCGGTAAGACCTTTCGGT,0.95
CTTGCGTCGAGTTTTCCGGTA,0.949
TCCGGTAAGACCTTTCGGTAC,0.947
TTTTCTTGCGTCGAGTTTTCC,0.946
CGTCGAGTTTTCCGGTAAGAC,0.943
TGACTGGCGACGTAATCCACG,0.936
ACAACTCCTCCGCGCAACTTT,0.936
CCACAAACACAACTCCTCCGC,0.932
TCTTTTTCCGTCATCGTCTTT,0.931
AAGACCTTTCGGTACTTCGTC,0.931
TACTTGACTGGCGACGTAATC,0.929
TTCTTGCGTCGAGTTTTCCGG,0.927
CCTTTATGAGGATCTCTCTGA,0.926
ACAAACACAACTCCTCCGCGC,0.923
TATGAGGATCTCTCTGATTTT,0.917
ATCCACGATCTCTTTTTCCGT,0.913
TAATCCACGATCTCTTTTTCC,0.912
TACTTCGTCCACAAACACAAC,0.908
ATTTTTCTTGCGTCGAGTTTT,0.902
CTTCGTCCACAAACACAACTC,0.901
GAGTTTTCCGGTAAGACCTTT,0.901
GACCTTTCGGTACTTCGTCCA,0.897
TGCTCCAAAACAACAACGGCG,0.893
TTTCCGTGCTCCAAAACAACA,0.892
ACGATCTCTTTTTCCGTCATC,0.888
TCGCGGTTGTTACTTGACTGG,0.885
TTTCGCGGTTGTTACTTGACT,0.885
TGAGGATCTCTCTGATTTTTC,0.884
TTTCCGTCATCGTCTTTCCGT,0.876
TCTCTGATTTTTCTTGCGTCG,0.876
GTCCACAAACACAACTCCTCC,0.875
ACTGGCGACGTAATCCACGAT,0.871
AAACACAACTCCTCCGCGCAA,0.868
AGGATCTCTCTGATTTTTCTT,0.868
ACTTTTTCGCGGTTGTTACTT,0.855
GTTACTTGACTGGCGACGTAA,0.841
GACGTAATCCACGATCTCTTT,0.828
TCCGTGCTCCAAAACAACAAC,0.825
TCTCTTTTTCCGTCATCGTCT,0.807
CGGTAAGACCTTTCGGTACTT,0.804
GGTTGTTACTTGACTGGCGAC,0.795
CCTCCGCGCAACTTTTTCGCG,0.786
TTGGCCTTTATGAGGATCTCT,0.782
TTTCGGTACTTCGTCCACAAA,0.778
TTTTTCGCGGTTGTTACTTGA,0.766
CTCCAAAACAACAACGGCGGC,0.748
TTTTTCCGTCATCGTCTTTCC,0.739
TCCGTCATCGTCTTTCCGTGC,0.738
GTTTTCCGGTAAGACCTTTCG,0.711
CCTTTCGGTACTTCGTCCACA,0.703
GATCTCTCTGATTTTTCTTGC,0.681
GCGACGTAATCCACGATCTCT,0.67
GCGGTTGTTACTTGACTGGCG,0.661
GTAAGACCTTTCGGTACTTCG,0.643
AACGGCGGCGGGAAGTTCACC,0.633
TCGAGTTTTCCGGTAAGACCT,0.61
CCACGATCTCTTTTTCCGTCA,0.588
ATCGTCTTTCCGTGCTCCAAA,0.522
GATCTCTTTTTCCGTCATCGT,0.476
CGTAATCCACGATCTCTTTTT,0.474
CAACAACGGCGGCGGGAAGTT,0.472
TTGTTACTTGACTGGCGACGT,0.449
TGGCGACGTAATCCACGATCT,0.442
AACAACAACGGCGGCGGGAAG,0.438
CGTCATCGTCTTTCCGTGCTC,0.392
CTCCTCCGCGCAACTTTTTCG,0.388
GGCCTTTATGAGGATCTCTCT,0.387
GGTACTTCGTCCACAAACACA,0.359
CGTGCTCCAAAACAACAACGG,0.326
TCCGCGCAACTTTTTCGCGGT,0.321
CGCGCAACTTTTTCGCGGTTG,0.299
ACACAACTCCTCCGCGCAACT,0.249
TCATCGTCTTTCCGTGCTCCA,0.203
ACAACGGCGGCGGGAAGTTCA,0.184
CCAAAACAACAACGGCGGCGG,0.138
CGCAACTTTTTCGCGGTTGTT,-0.013
CAACTTTTTCGCGGTTGTTAC,-0.057
CGTCTTTCCGTGCTCCAAAAC,-0.104
TCTTGGCCTTTATGAGGATCT,-0.128
TCGGTACTTCGTCCACAAACA,-0.18
TCTTTCCGTGCTCCAAAACAA,-0.278
CTCTCCTGTAGCTAAGGCCAC,0.946
TTTGTAGCCAAATCCTTTCTC,0.942
AATCCTTTCTCTCCTGTAGCT,0.939
TAGCCAAATCCTTTCTCTCCT,0.934
CACCGTAGATGCTCTTTCCTC,0.933
TCTCCGCCCTGGATCATGAAG,0.928
GAAGTCTCCGCCCTGGATCAT,0.927
GTTCTCATCGGGGAAGCGCTC,0.927
TGTAGCCAAATCCTTTCTCTC,0.923
GATTACACGATGGAATTTGCT,0.923
ACACGATGGAATTTGCTGTTT,0.919
ATGCTCTTTCCTCCTGTGCCA,0.908
AAATTATCCACTGTTTTTGGA,0.902
TCAGTTTGAAGTTCTCATCGG,0.897
CCTGGTGAAGTCTCCGCCCTG,0.89
GAAGCGCTCACCGTAGATGCT,0.89
TGAAGTCCTTGATTACACGAT,0.888
TCCGCCCTGGATCATGAAGTC,0.887
GCCAAATCCTTTCTCTCCTGT,0.884
TATCCACTGTTTTTGGAACAG,0.881
ATCATGAAGTCCTTGATTACA,0.879
ATCTCCCCTGGTGAAGTCTCC,0.876
TTGATTACACGATGGAATTTG,0.874
GTCCTTGATTACACGATGGAA,0.874
AAGTCCTTGATTACACGATGG,0.867
TCTCATCGGGGAAGCGCTCAC,0.865
TTACACGATGGAATTTGCTGT,0.864
AGTTTGAAGTTCTCATCGGGG,0.851
CAAATCCTTTCTCTCCTGTAG,0.849
TCTTTCCTCCTGTGCCATCTC,0.849
TTTGAAGTTCTCATCGGGGAA,0.847
TAAGGCCACAAAATTATCCAC,0.839
TCATCGGGGAAGCGCTCACCG,0.839
TGAAGTTCTCATCGGGGAAGC,0.838
TGTTTTTGTAGCCAAATCCTT,0.835
CCCTGGATCATGAAGTCCTTG,0.829
TTTTTGTAGCCAAATCCTTTC,0.819
TAGCTAAGGCCACAAAATTAT,0.813
CTCCCCTGGTGAAGTCTCCGC,0.809
TCCTCCTGTGCCATCTCCCCT,0.804
ATCGGGGAAGCGCTCACCGTA,0.802
TGGAATTTGCTGTTTTTGTAG,0.785
ATTTGCTGTTTTTGTAGCCAA,0.774
TTCTCTCCTGTAGCTAAGGCC,0.772
CCCCTGGTGAAGTCTCCGCCC,0.766
CTCCTGTGCCATCTCCCCTGG,0.761
TCCTTTCTCTCCTGTAGCTAA,0.758
ATTATCCACTGTTTTTGGAAC,0.753
AGATGCTCTTTCCTCCTGTGC,0.745
CTGGATCATGAAGTCCTTGAT,0.744
TGTGCCATCTCCCCTGGTGAA,0.738
GTAGTGCTTCAGTTTGAAGTT,0.731
CGCTCACCGTAGATGCTCTTT,0.717
GAATTTGCTGTTTTTGTAGCC,0.712
TTTCCTCCTGTGCCATCTCCC,0.705
AGTGCTTCAGTTTGAAGTTCT,0.692
TTGCTGTTTTTGTAGCCAAAT,0.68
AAGTTCTCATCGGGGAAGCGC,0.678
GGATCATGAAGTCCTTGATTA,0.664
AGCGCTCACCGTAGATGCTCT,0.641
CATGAAGTCCTTGATTACACG,0.639
CTCCTGTAGCTAAGGCCACAA,0.603
GTAGATGCTCTTTCCTCCTGT,0.589
CCGTAGATGCTCTTTCCTCCT,0.584
GCTCTTTCCTCCTGTGCCATC,0.559
AGGCCACAAAATTATCCACTG,0.55
TGTAGCTAAGGCCACAAAATT,0.52
CGCCCTGGATCATGAAGTCCT,0.512
CTCACCGTAGATGCTCTTTCC,0.507
CAAAATTATCCACTGTTTTTG,0.495
AGTCTCCGCCCTGGATCATGA,0.485
TGGTGAAGTCTCCGCCCTGGA,0.468
CCTTGATTACACGATGGAATT,0.459
TGCTTCAGTTTGAAGTTCTCA,0.454
CCATCTCCCCTGGTGAAGTCT,0.419
GTGAAGTCTCCGCCCTGGATC,0.418
CTTCAGTTTGAAGTTCTCATC,0.417
GCCACAAAATTATCCACTGTT,0.397
GCTAAGGCCACAAAATTATCC,0.328
CTTTCTCTCCTGTAGCTAAGG,0.307
CCTGTGCCATCTCCCCTGGTG,0.214
CCGTAGTGCTTCAGTTTGAAG,0.181
TGCCATCTCCCCTGGTGAAGT,0.176
CACAAAATTATCCACTGTTTT,0.163
CCTGTAGCTAAGGCCACAAAA,0.16
GCTGTTTTTGTAGCCAAATCC,0.138
GATGGAATTTGCTGTTTTTGT,0.076
ACGATGGAATTTGCTGTTTTT,0.073
GGGAAGCGCTCACCGTAGATG,0.028
CGGGGAAGCGCTCACCGTAGA,-0.099
CACAACATGTCGCCATAAATA,0.294
TTCAAACCATGCAGTAAGATA,0.523
AATCACATCTACTACACTTTC,0.879
GTTCTAACTTTCTCATGATTT,0.473
CAAGATATGCTGCAAATTCTT,0.848
TAATGTTGGACGACGAACTTC,0.665
ATCATCACTTGCACGTAGATA,0.895
CATTTCATCAGGTGCATCTTC,0.639
TCATCCGTTTCCTTTGTTCTG,0.844
TCCTTCTTCAGATTTGATCAA,0.909
TATTAGGAAACTTCTTGGCAC,0.722
AATGGTTCAAGATATGCTGCA,0.837
AGATGATGAGGTTCTTGGCGG,0.908
CTGTAGTCATCTGGGTACTCA,0.018
GTATAGGAGGACCGTGTAGGC,0.212
ATAGCCTGGACCGTTTCCGTA,0.802
ACATAGCCTGGACCGTTTCCG,0.06
CATGACGTGCGCTATGAAGGT,0.165
TATAGGAGGACCGTGTAGGCC,0.624
TATCATGTCTGCTCGAAGCGG,0.977
TTTTAGAATCCATGATAATAA,0.555
CAAATATCCGAGTGTAGTAAA,0.386
GGATTGTTTACATAACCGGAC,0.416
CGCTTCCGGATTGTTTACATA,0.099
GGCGTTGGTCGCTTCCGGATT,0.897
GTACTTAATCAGAGACTTCAG,0.347
TTTGTATTCAGCCCATATCGT,0.919
TACTTAATCAGAGACTTCAGG,0.919
GCTCATTCCAGGCATCCCACT,0.049
GTAAGCTTTCATGGCATCTTC,-0.091
AACAAGGCATTGTCTCAGTTT,0.06
GGAAAGTCAGTAATCGTTTTA,-0.186
ACTCAAGGAAAGTCAGTAATC,-0.084
TAAGCTTTCATGGCATCTTCC,0.507
TTGTTGATGTAAGCTTTCATG,0.337
TCTTTAGCTCTTCTACTTTGT,0.718
TATTTTTTCTTTAGCTCTTCT,0.68
GCACTTGGCAAAGCCGCCCTT,0.306
GGATATTTCCATGGACATCTT,0.439
CACATCCACCTCGAAACTGTG,0.526
GGAATACTGTATTCATTCTTC,0.58
ATGAGGCGTGTTGAGTCATTG,0.584
TCATGTAATTGCGGAAATATT,0.571
AGAGACTTAGGCACAATCTTG,0.685
TTCACCTCCAGATCTTCATTC,0.55
TTAGGCAAGAAGTCTCAAAAG,0.822
TATTTAAGGAGGGTGATCTTC,0.725
CCCTTTTGGCTCCCCCCTGCA,-0.244
AGGGGGCAGAGATGATGACCC,0.698
GAACATGGGGGCATCAGCAGA,0.127
TCATGGTTCACACCCATGACG,0.605
TGAGGCTGTTGTCATACTTCT,0.942
GGAGGCATTGCTGATGATCTT,0.708
GCTAAGCAGTTGGTGGTGCAG,0.386
GGATGACCTTGGCCAGGGGTG,-0.025
CACGATACCAAAGTTGTCATG,0.43
ACTGTGGTCATGAGTCCTTCC,-0.174
TGATGACCCTTTTGGCTCCCC,0.887
GAGATGATGACCCTTTTGGCT,0.939
TTCACACCCATGACGAACATG,0.803
TACTTCTCATGGTTCACACCC,0.927
TTGTCATACTTCTCATGGTTC,0.925
TGTTGTCATACTTCTCATGGT,0.924
CTTGAGGCTGTTGTCATACTT,0.776
ATCTTGAGGCTGTTGTCATAC,0.583
TGATCTTGAGGCTGTTGTCAT,0.942
TCATGGATGACCTTGGCCAGG,0.915
TATTTGTCAATCAGAGTGCTT,0.93
AAAACAACAACGGCGGCGGGA,0.608
TGATTTTTCTTGCGTCGAGTT,0.911
TTTATGAGGATCTCTCTGATT,0.921
GTTCTTGGCGGCTGTCTGTGC,0.547
CCATTCCTGCACCAGATTCTT,0.565
CATGTCTCCAGGCTCAAAGAG,0.79
TCAATGGCGTCGTCGAACATG,0.74
